F1 Score,Original Dataset,k50-anonymized,"k50, Deletion10%","k50, Deletion30%","k50, Deletion50%","k50, Deletion70%",k250-anonymized,"k250, Deletion10%","k250, Deletion30%","k250, Deletion50%","k250, Deletion70%"
Naive Bayes,90.83117048101715,90.89359855438929,91.08879311778335,91.16186603339531,91.01324147998518,91.08878740847152,91.00811316278876,91.14542546932964,91.12802495319961,91.11257239388598,91.02258178837482
Decision Tree,95.11715255453716,95.24506581767685,95.33511451673971,95.29778633428381,95.27892093712401,95.28872806656067,95.55960903387988,95.55770320312261,95.44997793784043,95.47022187028676,95.2583298821094
KNN,94.72713681683152,94.8487907826358,94.94400172461643,94.78238866384179,94.58900207688033,94.57417437384093,95.07669855122076,95.01853965794078,94.91069038343649,94.71863926469673,94.17184070161457
SVM,93.79364873072068,93.36055244871032,93.64498551195229,93.35693658781653,93.17337788134498,93.01142100703359,93.60837742752682,93.58525361349072,93.41484618433688,93.1264123189525,92.66596034292789
Random Forest,96.81010122266738,96.37068180242636,96.58769427299687,96.57414628092417,96.67303599385733,96.83219909862079,96.35766870784654,96.40659273641614,96.4033956699342,96.55393190062088,96.52331577551351
Logistic Regression,94.8804751130527,95.39001587097478,95.29836666891713,95.3041116103336,95.08630721345656,95.21150056922144,95.33394769749836,95.10299733129554,95.03156907811164,95.2602190912456,95.14214002490618
AdaBoost,96.95847848537008,96.76733657078316,96.94908572163556,96.9011824550097,96.93000134791434,97.02808513239899,96.90510756776176,96.8711282323635,96.89554876257827,96.94319899075846,96.755943599023
Bagging,96.50158052213098,96.1325719894795,96.35826016477131,96.38087186502636,96.4451566736321,96.56552416190881,96.10448856310036,96.17206358729302,96.23385320035624,96.32554398835718,96.31475505109732
