age;Original Dataset;Only K-Anonymity;Random Deletion 0;Random Deletion 1;Random Deletion 2;Random Deletion 3;Random Deletion 4;Random Deletion 5;Random Deletion 6;Random Deletion 7;Random Deletion 8;Random Deletion 9;Random Deletion (average)
[0, 20);133.06752084604435;133.0606406136623;133.30900975711023;132.680817936475;132.93813576915093;132.60608262403986;133.0155698567573;132.97716421008926;132.8608054805896;132.9448827070791;132.57016815445297;133.07951006850737;132.89821465642518
[20, 40);134.1367597505713;134.03337768038816;133.9812030075188;134.1188909774436;133.95410401002508;134.05270989974937;134.10886591478697;133.7825031328321;134.23323934837092;134.33184523809524;134.02576754385964;133.91071428571428;134.0499843358396
[40, 60);138.76634530518027;138.67781823177853;138.85557083906465;138.30405777166436;138.38988995873453;138.60110041265474;138.847386519945;139.06891334250344;138.75612104539204;138.79504814305363;138.7127235213205;138.94979367262724;138.728060522696
[60, 80);145.58099207574355;145.4243209620568;145.8098993462696;145.60516758327282;145.64874961087475;145.67967209712566;144.91833558161252;145.60682785099098;145.14734875998755;145.24613468921865;145.46477119435508;145.27259520597696;145.43995019196845
[80, 100);143.81017612524462;143.81926638176637;143.71499821873886;144.02529390808692;144.28393302458142;143.8432490203064;143.8054862842893;143.5001781261133;143.87851799073744;144.84859280370503;143.57285358033488;144.03241895261846;143.95055219095119
