,AverageRisk%,AverageCertainty%,MinRisk%,MaxRisk%,MinCertainty%,MaxCertainty%
50-Anonymized,0.471,100.0,0.055005500550055,2.0,100.0,100.0
Deletion 10%,0.4244621175342579,90.208,0.0,2.0,90.0,91.52542372881358
Deletion 30%,0.3313187576952995,70.21400000000003,0.0,2.0,70.0,71.42857142857143
Deletion 50%,0.236792924106406,50.118,0.0,2.0,50.0,50.98039215686275
Deletion 70%,0.14318170818600695,30.21399999999999,0.0,2.0,30.0,31.57894736842105
